text,label,source_url,source_type,notes
[Discussion] 2026 NBA Draft,reaction,https://old.reddit.com/r/nba/comments/1u613eu/discussion_2026_nba_draft/,post_title,
Weekly Friday Self-Promotion and Fan Art Thread,analysis,https://old.reddit.com/r/nba/comments/1ua02xz/weekly_friday_selfpromotion_and_fan_art_thread/,post_title,
"Rewatching Game 7 of the 2016 Finals is crazy. There is no flailing, head snapping, falling down after every shot, jumping sideways, etc. They’re playing actually basketball down the stretch",hot_take,https://old.reddit.com/r/nba/comments/1ua284i/rewatching_game_7_of_the_2016_finals_is_crazy/,post_title,
"[Highlight] The Stop. Ten years ago today, Kevin Love played the defense of his life on Stephen Curry.",reaction,https://streamable.com/7lsst4,post_title,
"[First Take] “Imagine every woman you date. When your done dating her. The next dude she dates, she marries. That’s the Minnesota Timberwolves.”",humor_meme,https://streamable.com/3ntntq,post_title,
"Jalen Brunson (jokingly): ""I'm not a fan of Luka. He's actually, he's one one of the worst teammates I've ever had."" Kid Reporter: ""That's crazy. He doesn't play defense."" Jalen Brunson: ""Oh, wow. He plays a little defense. He tries.",humor_meme,https://streamable.com/mp8mqq,post_title,
"[Highlight] 10 years ago on this date, the Cleveland Cavaliers come back down 3-1 to win their first NBA Championship",reaction,https://streamable.com/u3ydzx,post_title,
"Lost in the Knicks winning the NBA Championship last week: Jalen Brunson (2,240) has passed Kyrie Irving (2,211) in total career playoff points. He is just 30 away from passing Giannis Antetokounmpo (2,270)",analysis,https://old.reddit.com/r/nba/comments/1ua5clm/lost_in_the_knicks_winning_the_nba_championship/,post_title,
LeBron James Talks About His Absent Father: “Why didn’t my dad wanna be around? I feel like I’m a pretty cool kid”,reaction,https://streamable.com/y183xb,post_title,
[Highlight] 5 years ago Kevin Durant had a near series ending winner.,reaction,https://streamable.com/jaeuly,post_title,
Carmelo Anthony Enjoying Knicks Parade,reaction,https://streamable.com/n8l1ky,post_title,
Back When LeBron James Was Asked If It Bothers Him That People Take Joy In His Failure: “Absolutely not. At the end of the day they gotta wake up tomorrow and have the same life that they before they woke up today. “,hot_take,https://streamable.com/shrqad,post_title,
"Harden explains why he never won a championship: ""First Houston years we weren't good enough. Then we had a chance, CP gets hurt and Warriors were a real dynasty with KD. In Brooklyn and Philly I sacrificed money and being the top scorer in order to win a championship, and it was for nothing.",analysis,https://streamable.com/tvt0wr,post_title,
Soccer player Thomas Müller is wandering around lost on his way to practice because of the Knicks parade.,humor_meme,https://streamable.com/opv1qe,post_title,
"Knicks legend Carmelo Anthony at the Knicks parade: ""I like to say we all won. The whole city won. Every player who ever came through here, like, this was the buildup for this moment.""",reaction,https://streamable.com/pne8mr,post_title,
"[Amick] League sources say Detroit Pistons big man Isaiah Stewart is available. The Pistons, in search of shooting and playmakers, appear ready to rely on Paul Reed in an increased role. Detroit is believed to be among the suitors for guard Austin Reaves and is also interested in Isaiah Joe.",analysis,https://old.reddit.com/r/nba/comments/1ua2cjc/amick_league_sources_say_detroit_pistons_big_man/,post_title,
NYC Mayor Mamdani's passionate speech about the Knicks journey to the championship.,reaction,https://streamable.com/dpd66b,post_title,
NYPD confuses Tyler Kolek for a fan jumping the barricade,humor_meme,https://streamable.com/fwre5e,post_title,
"A Knicks fan passed out at the parade, a woman saved his life, and he somehow found a way to say thank you while still passing out.",reaction,https://streamable.com/3loxa2,post_title,
NYC Mayor Mamdani's Entire Speech at Knicks Parade,reaction,https://streamable.com/8fkese,post_title,
Kevin Durant Explains Why He Uses Burners,humor_meme,https://streamable.com/s1fgjk,post_title,
Josh Hart's wife sticks her thumb in a forbidden place during the Knicks Championship Parade,humor_meme,https://streamable.com/qj0pyu,post_title,
Live from the Knicks parade,reaction,https://streamable.com/yk7a2c,post_title,
[Highlight] KAT and Mayor Mamdani lean back together on the Knicks’ float,reaction,https://streamable.com/k6239z,post_title,
"[Amick] League sources say the Blazers would have serious interest in Jaylen Brown if the Celtics made him available. Similarly, league sources say the Timberwolves have strong interest in Derrick White. The Celtics are among many teams interested in Trey Murphy III if they don’t land Antetokounmpo.",analysis,https://old.reddit.com/r/nba/comments/1ua29gi/amick_league_sources_say_the_blazers_would_have/,post_title,
"Kingston Flemings on the craziest question he's been asked during the draft process: ""At the combine, a team asked me, 'If I could punch anybody in the face, who would it be?'"" Flemings declined to answer the question.",humor_meme,https://streamable.com/k3zfjc,post_title,
Patrick Ewing lifts the Larry O'Brien trophy 🥹,reaction,https://streamable.com/9umq3w,post_title,
De'Aaron Fox whenever he comes to NY the rest of his life,humor_meme,https://streamable.com/9yk0o6,post_title,
"Jalen Brunson after the Knicks came back down 29 in game 4 of the NBA finals: “I mean I thought about it, but then I realized where we’re at. You’re allowed to think about the worst possible scenario, but you gotta go out there and do something about it.”",reaction,https://streamable.com/jg647q,post_title,
"Jalen Brunson: ""There's a lot of people that have a lot of negative stuff to say. There's a lot of people who have a lot of opinions. But when you prove them wrong, you don't have to say s--t to them.""",reaction,https://streamable.com/dlm8cb,post_title,
"When Russell Westbrook Told LeBron James and Lakers Team: “Just have fun. Win, lose, draw just have fun.”",reaction,https://streamable.com/febe0u,post_title,
"Jalen Brunson holds up an Elmo plushie during the parade, with Elmo wearing a sign reading ""Forgive me PLEASE""",humor_meme,https://streamable.com/227lx3,post_title,
[Amick] Pistons’ Isaiah Stewart Reportedly Available In Trade Talks,analysis,https://old.reddit.com/r/nba/comments/1ua6xqa/amick_pistons_isaiah_stewart_reportedly_available/,post_title,
"[Highlight] 5 years ago, Giannis had one of the craziest blocks in NBA history",reaction,https://youtu.be/GLBQNOd63x8?is=M85dUCGzlDxfOch4,post_title,
The moment Knicks fans have been waiting 53 years for: Orange and Blue confetti raining down on City Hall while 'We Are The Champions' plays,reaction,https://streamable.com/hbluvc,post_title,
"Jaylen Brown (W.Tacko Fall) spotted having fun in a boxing circle in Marrakech, Morocco",reaction,https://streamable.com/g45r3m,post_title,
Today’s the 10 year anniversary of Game 7 of the 2016 NBA Finals (Cavs-Warriors),reaction,https://old.reddit.com/r/nba/comments/1ua259o/todays_the_10_year_anniversary_of_game_7_of_the/,post_title,
"[Phoeurng Phearak] Cambodia National Team star has accepted an invitation to play for the Houston Rockets in the upcoming NBA Summer League in Las Vegas, sources told leading digital media outlet Cambodianess.",analysis,https://old.reddit.com/r/nba/comments/1u9x2x1/phoeurng_phearak_cambodia_national_team_star_has/,post_title,
"Dirk Nowitzki Talking To Rookie Jalen Brunson: ""In college, you never saw a frame like this. 7 footer, mobile, shoot, move. This ain't no college killa. This is the real deal here.""",reaction,https://streamable.com/5v4j3z,post_title,
Massive Integrity of the Game Issue,hot_take,https://old.reddit.com/r/nba/comments/1ua5nrk/massive_integrity_of_the_game_issue/,post_title,
Dirk Nowitzki hits a mid-range game winner vs the Lakers (2016),reaction,https://streamable.com/bgeizu,post_title,
The 2016 Cavs team re-unite on their 10th year anniversary,reaction,https://streamable.com/mdw71j,post_title,
"[Stein] With only a few days to go before Tuesday night's first round of the NBA Draft, multiple draft experts legitimately believe Washington could select Kansas' Darryn Peterson over BYU's AJ Dybantsa with the No. 1 overall pick.",analysis,https://old.reddit.com/r/nba/comments/1u9saz5/stein_with_only_a_few_days_to_go_before_tuesday/,post_title,
"[McMenamin] A source close to Doncic: ""Luka wants to be a championship team yesterday. Ever since the trade, they've always told us: 'summer of '26. We'll show you in the summer of '26.' So, we are so excited that the summer of '26 is here.""",analysis,https://old.reddit.com/r/nba/comments/1u9de5d/mcmenamin_a_source_close_to_doncic_luka_wants_to/,post_title,
Does DeAaron Fox need to put his thumb in Wemby's bum so that the Spurts can win the title?,humor_meme,https://old.reddit.com/r/nba/comments/1ua7dn6/does_deaaron_fox_need_to_put_his_thumb_in_wembys/,post_title,
Len Bias: 40 years later,analysis,https://old.reddit.com/r/nba/comments/1ua4sl3/len_bias_40_years_later/,post_title,
Jabari Parker pre-draft workout,reaction,https://streamable.com/hnyoz9,post_title,
2026 NBA Free Agency Contract Value BigBoard,analysis,https://old.reddit.com/r/nba/comments/1u9ydla/2026_nba_free_agency_contract_value_bigboard/,post_title,
"When Two Reporters Almost Fought in Front of Durant: ""I will knock you the fuck out”",humor_meme,https://streamable.com/1b5365,post_title,
Back When LeBron James Was Enjoying A NBA Game On StreamEast in 2025,humor_meme,https://streamable.com/t97phn,post_title,
Tyler Kolek to Jalen Brunson while holding the NBA Cup trophy: “This my real trophy right here. Y’all got that one I got this one”,humor_meme,https://streamable.com/hmrqnj,post_title,
"I touched the Larry O’Brien Trophy. Thank you, Jalen Brunson 🙏",reaction,https://streamable.com/voufdi,post_title,
Day 6 of Sochan being shirtless. Here he is accepting the key to the city from Mayor Mamdani.,humor_meme,https://streamable.com/0kska3,post_title,
"[All-Access] OG Anunoby is given his key to the City and Knicks fans break out in an ""OG"" chant at the Championship Parade.",reaction,https://v.redd.it/dg8scjpew28h1,post_title,
"Steven Adams - How To Avoid Kevin Garnett’s Trash Talk: ""No English brother.""",humor_meme,https://streamable.com/v9cnnb,post_title,
"Jalen Brunson: ""I don't know how many times I got to tell Mike to stop doing that shit"" -About Mike Brown doing the ""Who Let The Dogs Out"" with the crowd prior to his speech.",humor_meme,https://streamable.com/lbgn0y,post_title,
"Alicia Keys Sings ""Empire State of Mind"" at Knicks Championship Parade With Knicks Team, Zohran Mamdani, & More Celebrities",reaction,https://streamable.com/cqul3m,post_title,
"Born to play basketball, Jalen Brunson.",reaction,https://old.reddit.com/r/nba/comments/1u9k2jv/born_to_play_basketball_jalen_brunson/,post_title,
[McMenamin] Several league sources told ESPN they believe Rui Hachimura could be the odd man out and that he might need to explore the market to find a desired deal.,analysis,https://old.reddit.com/r/nba/comments/1u9h6c3/mcmenamin_several_league_sources_told_espn_they/,post_title,
"Leon Rose thanks Knicks fans in his speech at City Hall: ""We did it for you.""",reaction,https://streamable.com/6usdt3,post_title,
[Highlights] Kevin Garnett and his love of long 2’s,reaction,https://streamable.com/6yynug,post_title,
Crowd sings Empire State of Mind at Knicks championship parade,reaction,https://streamable.com/bb996k,post_title,
LeBron James Says You Need To Treat SGA With The Same Respect As You Do Giannis On The Open Floor,hot_take,https://streamable.com/sf79i6,post_title,
[Fischer] The Portland Trail Blazers were prepared to sacrifice up to 4 years worth of first-round draft capital at the trade deadline in a Giannis Antetokounmpo trade without knowing if he would sign an extension.,analysis,https://old.reddit.com/r/nba/comments/1u9fxot/fischer_the_portland_trail_blazers_were_prepared/,post_title,
"[Stein] The Pistons, I'm told, should be monitored as a potential third-team facilitator in a Giannis Antetokounmpo-to-Miami trade with Tyler Herro ultimately landing in Detroit. Other players said to interest Detroit include Coby White, Isaiah Joe and possibly even Zach LaVine",analysis,https://old.reddit.com/r/nba/comments/1u9scg2/stein_the_pistons_im_told_should_be_monitored_as/,post_title,
"Rank which shot is the most clutch: Ray Allen 3pt, Kawhi’s buzzer beater or OG’s last second tip-in?",analysis,https://old.reddit.com/r/nba/comments/1u9l3km/rank_which_shot_is_the_most_clutch_ray_allen_3pt/,post_title,
Markieff Morris Thinks OKC Still The Best Team Despite The Knicks Winning The Finals,hot_take,https://streamable.com/zztztk,post_title,
[OC] The NBA Championship Belt (2025-26 Edition),analysis,https://old.reddit.com/r/nba/comments/1u9ndvy/oc_the_nba_championship_belt_202526_edition/,post_title,
What would you say the odds of Brunson achieving a “Career Grand Slam” are?,analysis,https://old.reddit.com/r/nba/comments/1u9d8n8/what_would_you_say_the_odds_of_brunson_achieving/,post_title,
Mike Brown’s Flowers 💐,reaction,https://old.reddit.com/r/nba/comments/1ua80ig/mike_browns_flowers/,post_title,
Who was more clutch: 2025 Haliburton or 2026 Brunson,analysis,https://old.reddit.com/r/nba/comments/1ua7swg/who_was_more_clutch_2025_haliburton_or_2026/,post_title,
Julius Randle was to the Knicks what Demar DeRozan was to the Raptors,hot_take,https://old.reddit.com/r/nba/comments/1ua7sg7/julius_randle_was_to_the_knicks_what_demar/,post_title,
Another point for the GOAT debate: there have been twice as many players born on December 30th (LeBron's date of birth) than February 17th (Jordan's).,humor_meme,https://old.reddit.com/r/nba/comments/1ua5wp0/another_point_for_the_goat_debate_there_have_been/,post_title,
[Highlight] Klay Thompson on LeBron James׃ “It’s a man’s league….I guess his feelings just got hurt”,hot_take,https://youtu.be/TjIoQh7ee_8?si=qVv3NxjMmt2kbqjs,post_title,
Has Phil Jackson become criminally underrated?,analysis,https://old.reddit.com/r/nba/comments/1ua5efm/has_phil_jackson_become_criminally_underrated/,post_title,
Why did Karl Malone go as the 13th pick in the 1985 nba draft?,analysis,https://old.reddit.com/r/nba/comments/1ua5a94/why_did_karl_malone_go_as_the_13th_pick_in_the/,post_title,
[Highlight] LeBron James' Historic Block on Andre Iguodala From All Angles,reaction,https://www.youtube.com/watch?v=-zd62MxKXp8,post_title,
"ESPN’s lead draft analyst, Jeremy Woo, officially picks Darryn Peterson as his #1 pick in his mock draft",analysis,https://youtu.be/puFbPFHPRSc?is=HQ-3pcihI7jWo1wF,post_title,
Which NBA champion teams over the years had bad team dynamics but still won?,analysis,https://old.reddit.com/r/nba/comments/1ua4ehy/which_nba_champion_teams_over_the_years_had_bad/,post_title,
"[Serious] In or out, Basketball Hall of Fame edition: Stephon Marbury.",analysis,https://old.reddit.com/r/nba/comments/1ua47gq/serious_in_or_out_basketball_hall_of_fame_edition/,post_title,
Is anyone a fan of the future Las Vegas NBA team already?,analysis,https://old.reddit.com/r/nba/comments/1ua46t6/is_anyone_a_fan_of_the_future_las_vegas_nba_team/,post_title,
"Jalen Brunson won 2 National Championships, National Player of the Year award at Villanova, 2 gold medals, and earned his college degree in three years en route to NBA",analysis,https://www.youtube.com/watch?v=-kIpo8LuZIs,post_title,
The term “gentleman sweep” is too broad,hot_take,https://old.reddit.com/r/nba/comments/1ua3yml/the_term_gentleman_sweep_is_too_broad/,post_title,
Is there a way to fix intentionally fouling at the end of a game while up by 3?,analysis,https://old.reddit.com/r/nba/comments/1ua3qzt/is_there_a_way_to_fix_intentionally_fouling_at/,post_title,
"If the new Seattle team wasn't named SuperSonics (Practically impossible), which name would you give it?",analysis,https://old.reddit.com/r/nba/comments/1ua3lby/if_the_new_seattle_team_wasnt_named_supersonics/,post_title,
"[Highlights] Kyrie Irving Explodes for 40 Points in Iconic Christmas OT Thriller, 17 Made Shots, 1 Free Throw",reaction,https://youtu.be/KatiNXR_wGU?is=NAGb9ErIRB-irx07,post_title,
What Sam Amick is hearing about Giannis and other NBA stars as next week’s draft nears,analysis,https://old.reddit.com/r/nba/comments/1ua367m/what_sam_amick_is_hearing_about_giannis_and_other/,post_title,
Do The Celtics Really Want Giannis?,analysis,https://old.reddit.com/r/nba/comments/1ua308p/do_the_celtics_really_want_giannis/,post_title,
"McMenamin after reporting that Kessler and Duren would satisfy Doncic's desire for an ""A-list center"": ""I already heard from someone in the Detroit organization today that said, ""Hey, tell Luka to leave [Jalen Duren] alone.""",analysis,https://youtu.be/Sw-qUAQl8wM?si=nWF9G6lbUGpBeshr&amp;t=309,post_title,
LeBron James Knew The Spurs Would Be A Really Good Team,hot_take,https://streamable.com/zxtepa,post_title,
Where are the Spurs showing their inexperience and how do they fix it?,analysis,https://old.reddit.com/r/nba/comments/1u9y2i4/where_are_the_spurs_showing_their_inexperience/,post_title,
"Providing full health, what’s realistically the farthest the 2025 Celtics could’ve gone in the playoffs?",analysis,https://old.reddit.com/r/nba/comments/1u9voay/providing_full_health_whats_realistically_the/,post_title,
Josh Hart says the Spurs not giving them credit for their wins throughout the Finals fueled them even more,,https://streamable.com/3c6aux,post_title,
"[Former Laker Head Athletic Trainer Gary Vitti] “I love Shaq, I absolutely adore him… but you had to be looking over your shoulder all the time. All the time.”",,https://old.reddit.com/r/nba/comments/1uawr7t/former_laker_head_athletic_trainer_gary_vitti_i/,post_title,
Random goalkeeper in WC game had a good game and went from 50k to 14.5 million followers. Wemby has 6.2 million. Does this show how basketball is not as global as some here think it is?,,https://old.reddit.com/r/nba/comments/1ualfjg/random_goalkeeper_in_wc_game_had_a_good_game_and/,post_title,
"Josh Hart on the Spurs beating OKC: ""You see that reaction because they think they gonna win it""",,https://streamable.com/rqsv13,post_title,
"This past season, future Hall of Famer and 40-year-old Kyle Lowry averaged 1.2 points and 0.8 assists on 16% shooting. What is the worst that a future NBA hall of famer has ever been at any point in their careers?",,https://old.reddit.com/r/nba/comments/1uavztg/this_past_season_future_hall_of_famer_and/,post_title,
13 Years Ago Today - Miami Heat Win Back-To-Back Championships Beating Spurs in Game 7,,https://streamable.com/yhbt8k,post_title,
LeBron James plays near perfect defense on Kobe Bryant (2009),,https://streamable.com/5ws78s,post_title,
"Kyrie Irving on Instagram: “All for one. One for All WE completed the mission together as brothers, and that’s all that matters to me.”",,https://streamable.com/sw1t69,post_title,
Knicks fan dumped trash from a public garbage can painted in team colors onto the sidewalk… & stole the trash can…,,https://streamable.com/cqnh85,post_title,
"Jared McCain: “I was gonna ask for Wemby’s jersey, but since he had a hit out on me, I can’t.”",,https://streamable.com/petobh,post_title,
"13 Years Ago Today, the Heat Went Back to Back. Watch LeBron Guard Every Position on the Floor.",,https://streamable.com/cq1h76,post_title,
"In the first Knicks Championship parade in over 53 years, James Dolan and NYC politicians got 13 minutes of podium mic time. All Knicks players combined got 2 minutes of podium mic time, including 0 minutes for KAT, OG, and Alvarado",,https://old.reddit.com/r/nba/comments/1uaeffd/in_the_first_knicks_championship_parade_in_over/,post_title,
When Russell Westbrook Challenged Reporters To Make Their Criticisms In Front of Him,,https://streamable.com/zme31g,post_title,
"Kobe & Shaq post-game interview after going up 2-0 on the Spurs in 2001. At this point, the Lakers haven't lost a game in 7 weeks",,https://streamable.com/z4inhc,post_title,
[Fischer] The Boston Celtics inquired about Rudy Gobert at the trade deadline. The Minnesota Timberwolves are interested in Derrick White.,,https://old.reddit.com/r/nba/comments/1uakuae/fischer_the_boston_celtics_inquired_about_rudy/,post_title,
"JR Smith Says 2016 Cavs Would Beat 2026 Knicks: ""Who’s guarding LeBron James?""",,https://streamable.com/bjllsc,post_title,
"Lebron after the Cavs win game 6 of the 2016 finals: 'They f*cked up. Mentally and physically. I'm telling you, they f*cked up.'",,https://streamable.com/66a06m,post_title,
10 Years Ago Today - LeBron James Fell On His Knees In Tears After Coming Back 3-1 To Win Championship,,https://streamable.com/rqedxo,post_title,
10 years ago I touched the Larry Obrien over Lebron James,,https://old.reddit.com/r/nba/comments/1uay4n3/10_years_ago_i_touched_the_larry_obrien_over/,post_title,
Who is a random role player that has affected your life permanently?,,https://old.reddit.com/r/nba/comments/1uavfjp/who_is_a_random_role_player_that_has_affected/,post_title,
"Multiple NBA big men are reportedly trying to find a way to play alongside Wemby on the Spurs, per @mikecwright (h/t @TheNBABase)",,https://old.reddit.com/r/nba/comments/1ua9m9l/multiple_nba_big_men_are_reportedly_trying_to/,post_title,
Mandani's Championship Parade Speech Edit,,https://streamable.com/o5rknw,post_title,
Michael Beasley on playing Dwight Howard: “Do it to him with no condom. Real raw.”,,https://streamable.com/vtkl3n,post_title,
"[Marquez] Spurs’ deep playoff run generated $36.2M in economic impact, Visit San Antonio says",,https://old.reddit.com/r/nba/comments/1uafebi/marquez_spurs_deep_playoff_run_generated_362m_in/,post_title,
[Fischer] Per source: D’Angelo Russell has opted in to his 2026-27 player option with the Wizards worth $6 million.,,https://old.reddit.com/r/nba/comments/1uabis4/fischer_per_source_dangelo_russell_has_opted_in/,post_title,
When Jordan Air Balled a 3 At His Own Basketball Camp,,https://streamable.com/vklw5i,post_title,
[Wright] The Spurs remain committed to De'Aaron Fox as their starting point guard for the 2026-27 season despite the expectation that calls from Dylan Harper's camp for a spot in the starting lineup will grow louder going into next season.,,https://old.reddit.com/r/nba/comments/1ua8cdl/wright_the_spurs_remain_committed_to_deaaron_fox/,post_title,
"[Charania] Memphis Grizzlies guard Kentavious Caldwell-Pope is exercising his $21.6 million player option for the 2026-27 season, sources tell ESPN.",,https://old.reddit.com/r/nba/comments/1uaggjb/charania_memphis_grizzlies_guard_kentavious/,post_title,
[Fischer] The Minnesota Timberwolves circled back with the Milwaukee Bucks this week on Giannis Antetokounmpo and they were asking for even more now than they were at the deadline. Their requests have been described as “unrealistic.”,,https://old.reddit.com/r/nba/comments/1uakt9j/fischer_the_minnesota_timberwolves_circled_back/,post_title,
10 Years Ago Today - Draymond Green Waited On His Home Floor To Congratulate LeBron For Winning The Championship,,https://streamable.com/kfqqf5,post_title,
"[Fischer] League sources say that the Pistons' Isaiah Stewart is not merely available but outright bracing for a trade. Tobias Harris, by contrast, is a player Detroit is determined to retain. Sources say that the Bucks, Celtics, Spurs, and Heat are teams interested in Stewart.",,https://old.reddit.com/r/nba/comments/1uakqzv/fischer_league_sources_say_that_the_pistons/,post_title,
"[Charania] ESPN analyst Kendrick Perkins – 14-year NBA veteran and 2008 champion – has agreed to become the men's basketball General Manager of HBCU Jackson State, as well as a connection to its broadcast and journalism program, per Perkins.",,https://old.reddit.com/r/nba/comments/1ua9gpe/charania_espn_analyst_kendrick_perkins_14year_nba/,post_title,
Knicks Players To Receive Custom Diamond-Encrusted Championship Chains,,https://streamable.com/r8ie7p,post_title,
"[Chiang] The Heat believe they have the leverage on Milwaukee to keep some of their young players: “Should the Heat also give up Jaime Jaquez Jr., Kasparas Jakucionis, Pelle Larsson and Nikola Jovic in the deal if the Bucks ask for all of them?“",,https://old.reddit.com/r/nba/comments/1uaj2vi/chiang_the_heat_believe_they_have_the_leverage_on/,post_title,
The Raptors Desperately Trying To Trade Up For Giannis In The 2013 Draft,,https://youtu.be/Ficds0wx8bY?si=TfcvQ2unmm_aG-6h,post_title,
"[ESPN] MacMahon: ""My understanding is, if there's going to be an extension between Kawhi Leonard and the Los Angeles Clippers, there's going to have to be legitimate negotiations. He's going to have to take a pay cut, I believe, to extend with the Clippers.""",,https://streamable.com/7l41h8,post_title,
"Bismack Biyombo Full 2016 Game 3 vs Cavaliers highlights 7 pts, 26 rebounds, clutch buckets, incredible defense, big blocks on Kyrie and LeBron",,https://youtu.be/nGHAJRYdJiE?si=zaxUcbayOOBcwAc7,post_title,
Bam Adebayo has never made an All-NBA team,,https://old.reddit.com/r/nba/comments/1uabhfd/bam_adebayo_has_never_made_an_allnba_team/,post_title,
"[Highlight] 10 years ago to this day, LeBron James blocked Andre Iguodala's critical go-ahead layup in Game 7 of the 2016 NBA Finals",,https://www.youtube.com/watch?v=Hgade7_mjHc,post_title,
What Players that are currently in the NBA will be out of the league soon? Also What Player that is out of the NBA will likely not make it back,,https://old.reddit.com/r/nba/comments/1uail5x/what_players_that_are_currently_in_the_nba_will/,post_title,
Sacramento Kings front office overruled by owner Vivek Ranadive in 2014 NBA Draft,,https://youtu.be/JOS0ynEuYC4?is=5DBXWgMp13WsmFEV,post_title,
Giannis to Blazers trade proposal,,https://old.reddit.com/r/nba/comments/1uayvla/giannis_to_blazers_trade_proposal/,post_title,
Is Isaiah Stewart the key,,https://old.reddit.com/r/nba/comments/1uay1ma/is_isaiah_stewart_the_key/,post_title,
Can the Indiana Pacers return to the finals in 2027?,,https://old.reddit.com/r/nba/comments/1uavpj6/can_the_indiana_pacers_return_to_the_finals_in/,post_title,
Chris Paul shows off his ball handling skills.,,https://youtu.be/V3a-uuxbgGg?is=rp74mbz223Cx10qJ,post_title,
2025 Draft Class on track to be one of the greatest?,,https://old.reddit.com/r/nba/comments/1uasept/2025_draft_class_on_track_to_be_one_of_the/,post_title,
Rank these guards based on how good they would be/are in today's league,,https://old.reddit.com/r/nba/comments/1uarjjt/rank_these_guards_based_on_how_good_they_would/,post_title,
My spin on Lakers' 2026 Free Agency,,https://old.reddit.com/r/nba/comments/1uarhur/my_spin_on_lakers_2026_free_agency/,post_title,
Someone should start a tournament with 1950's / 1960's rules,,https://old.reddit.com/r/nba/comments/1uaqsw3/someone_should_start_a_tournament_with_1950s/,post_title,
What happened to the Denver Nuggets and Boston Celtics?,,https://old.reddit.com/r/nba/comments/1uaookk/what_happened_to_the_denver_nuggets_and_boston/,post_title,
"Bucks hired Giannis favorite coach in Jenkins, retained a terrible but Giannis approved GM in Horst just to trade him?",,https://old.reddit.com/r/nba/comments/1uan9wd/bucks_hired_giannis_favorite_coach_in_jenkins/,post_title,
It isn't realistically possible to rank players by solely watching film review and games.,,https://old.reddit.com/r/nba/comments/1uamfsn/it_isnt_realistically_possible_to_rank_players_by/,post_title,
Should the NBA implement a new shot clock reset depending on where the shot came from?,,https://old.reddit.com/r/nba/comments/1uakq37/should_the_nba_implement_a_new_shot_clock_reset/,post_title,
Who is the worst player who can realistically force a team to sign his unplayable family members?,,https://old.reddit.com/r/nba/comments/1uaj3pj/who_is_the_worst_player_who_can_realistically/,post_title,
What if Spurs were east and Knicks were West?,,https://old.reddit.com/r/nba/comments/1uaj2k6/what_if_spurs_were_east_and_knicks_were_west/,post_title,
Is this a crazy take about LeBron?,,https://old.reddit.com/r/nba/comments/1uaigp0/is_this_a_crazy_take_about_lebron/,post_title,
"On 2016 Father's Day, After the Cavs won Game 7 and pulled the historic 3-1 comeback against the 73-9 Warriors, JR Smith went emotional as he discussed the impact of his father",,https://youtu.be/t546iKwCMuA?si=JcRVLswlC8fL8JLg,post_title,
Blue Jays pitcher Dylan Cease uses yoga to get into the zone — do NBA players have routines like that to lock in fast?,,https://old.reddit.com/r/nba/comments/1uahbuj/blue_jays_pitcher_dylan_cease_uses_yoga_to_get/,post_title,
Rank the Last 10 NBA champions,,https://old.reddit.com/r/nba/comments/1uah96g/rank_the_last_10_nba_champions/,post_title,
"If Kawhi had stayed with the Raptors in 2019, how many more rings do you think they win?",,https://old.reddit.com/r/nba/comments/1uagma0/if_kawhi_had_stayed_with_the_raptors_in_2019_how/,post_title,
Is SGA's ball handling ability on the level of Kyrie and Iverson or are those guys still in their own tier?,,https://old.reddit.com/r/nba/comments/1uagh58/is_sgas_ball_handling_ability_on_the_level_of/,post_title,
"[DLLS Mavs] Marc Stein: “If Milwaukee ends up doing the [Giannis to] Miami deal, Tyler Herro obviously has to be in it. If they can either make it a 3-team trade or turn Tyler Herro into a draft asset or two from Detroit, that makes the overall package you get from Miami more attractive.”",,https://streamable.com/vve65n,post_title,
"[DLLS Mavs] Marc Stein: “Detroit needs a shooter. Detroit is one of the teams that has inquired about Kyrie, but the Mavericks have put the message out there that Kyrie is not available. So the Pistons are looking at other options; Tyler Herro, Coby White, Isaiah Joe.”",,https://streamable.com/yzf68d,post_title,
"[Sactown Sports 1140] Sam Amick on Darius Acuff Jr: ""You had real good talent evaluators saying this guy's special, that he is, you know, could be Allen Iverson, could be Jalen Brunson.""",,https://streamable.com/kvs9z4,post_title,
Daily Discussion,,https://old.reddit.com/r/soccer/comments/1uaoso8/daily_discussion/,post_title,
Support Your Local Saturday - for match-going and local fans,,https://old.reddit.com/r/soccer/comments/1uaqtdw/support_your_local_saturday_for_matchgoing_and/,post_title,
Thierry Henry and Zlatan having a kick about backstage in the studio,,https://v.redd.it/e4ltah0dme8h1,post_title,
"Turkey have been knocked out of the World Cup following their loss to Paraguay. They still have one match left against the USA, but their qualification hopes are officially gone.",,https://www.theguardian.com/football/live/2026/jun/20/fifa-world-cup-2026-live-turkey-v-paraguay-updates-tur-vs-par-group-d-match-score-latest,post_title,
Joe Hart suggests that the World Cup match ball could be influencing some of the goalkeepers' mistakes,,https://v.redd.it/7k0rfv56oe8h1,post_title,
"[Fabrizio Romano]EXCLUSIVE: Inter Miami complete deal to sign Casemiro as new midfielder, here we go! Verbal agreement sealed with all parties involved and all formal steps resolved, now waiting to sign and announce the Brazilian. Casemiro wants to play with Messi. Future in MLS.",,https://bsky.app/profile/fabrizioromano.yopro20.com/post/3mopr4diwhp27,post_title,
"[Fabrizio Romano] Arda Güler: “We want to apologize, we feel ashamed. We all play for top clubs and we should do way better on this competition”. “In two games, we scored zero goals and it’s not acceptable”.",,https://bsky.app/profile/fabrizioromano.yopro20.com/post/3mop5skrpda2s,post_title,
Mert Mulder in tears at full-time as Turkey are eliminated from the World Cup after back-to-back defeats,,https://v.redd.it/wceyhtdfgd8h1,post_title,
World Cup tourists aren’t leaving tips — and NYC restaurants are fighting back by adding 20% automatic gratuities to checks,,https://nypost.com/2026/06/20/us-news/world-cup-tourists-arent-leaving-tips-and-nyc-restaurants-are-fighting-back/?utm_campaign=nypost&amp;utm_source=twitter&amp;utm_medium=social,post_title,
Fox broadcast interrupted because the fans were too loud and then the host joins in,,https://v.redd.it/kmgyfsm8ve8h1,post_title,
Harry Maguire selling World Cup sticker packs at a Panini store in New York,,https://v.redd.it/d0vj52wkcd8h1,post_title,
"With Paraguay's 1-0 win against Türkiye, USA clinches first place in Group D, and Türkiye is eliminated.",,https://i.redd.it/jya6uctbfd8h1.jpeg,post_title,
"Vini Jr on his World Cup performances: “As I said in the press conference, I am in the best shape of my life physically, technically and mentally."" “That is important. I always dreamed of arriving 100% at the best competition in the world and being like this, being able to score goals, make assists""",,https://roundtable.io/sports/soccer/vinicius-junior-declares-he-is-at-his-best-after-brazil-world-cup-win,post_title,
"After the United States 2-0 win over Australia yesterday, Mauricio Pochettino is now tied for the most World Cup wins as USMNT manager after only two matches",,https://i.redd.it/7lnklzx1cg8h1.jpeg,post_title,
Miguel Almirón red card against Türkiye 45+3',,https://streamin.link/v/04799553,post_title,
Haiti becomes the first team to be eliminated from the World Cup after a 3-0 loss to Brazil / Their journey will end with one final match against Morocco.,,https://apnews.com/article/world-cup-brazil-haiti-score-273a340acf4031717f1a0332b369f55b,post_title,
Paraguay’s Miguel Almirón gets first-ever red card for covering mouth in situation of confrontation,,https://www.nytimes.com/athletic/7378095/2026/06/20/miguel-almiron-red-card-why-world-cup/,post_title,
Banner seen at USA vs Australia,,https://i.redd.it/emtlklw1wa8h1.jpeg,post_title,
"Arda Güler: ""My God, why?"" following Türkiye's elimination from the World Cup",,https://v.redd.it/5bgxkotxzd8h1,post_title,
BBC 3D’s rendering of Australia’s Aiden O’Neill treating the referee for cramp,,https://v.redd.it/yfmwk7ge7b8h1,post_title,
"Rebecca Lowe: ""Chaps, Alexi [Lalas] left us"" Zlatan: ""America, you're welcome""",,https://streamain.com/en/OeWqtbZELaDa4il/watch,post_title,
Across 2 games Turkiye have had 62 shots. Not a single one has resulted in a goal.,,https://www.reddit.com/gallery/1uansqp,post_title,
"After yesterday's matches, the four group D teams are ranked right next to each other in the ELO rankings.",,https://i.redd.it/j029ow9e4g8h1.png,post_title,
Referee Felix Zwayer down with muscle cramps 90'+3',,https://v.redd.it/om789s8zza8h1,post_title,
Tunisian reporter was recording his team's result from the stadium.. when the Mexicans arrived,,https://v.redd.it/jmgfjf7tsd8h1,post_title,
"[Guardian] Manchester City close to financial settlement with Chelsea to appoint Enzo Maresca. Chelsea sources have indicated they have sufficient evidence to report City to the Premier League for making an illegal approach to Maresca, but have no plans to do so and are continuing to negotiate.",,https://www.theguardian.com/football/2026/jun/20/manchester-city-close-to-financial-settlement-with-chelsea-to-appoint-enzo-maresca,post_title,
[WC2026 Day 9] All Goals with Scoring Nation Commentary,,https://v.redd.it/h46hau7n4e8h1,post_title,
[BBC] Paraguay’s 1-0 win against Turkey is their first win in the World Cup since 2010,,https://www.bbc.com/sport/football/live/c2kyg22l2n7t,post_title,
Team USA becomes the second team to qualify for the Knockout stages after defeating Australia 2-0,,https://www.nytimes.com/athletic/live-blogs/usmnt-vs-australia-live-updates-world-cup-2026-score-result/EWvOSId1kFIx/?unlocked_article_code=1.rVA.WpHw.uipVOjWYOIhY&amp;smid=ta-android-share,post_title,
Türkiye 0-1 Paraguay - Matías Galarza Fonda 2',,https://streamin.link/v/39325661,post_title,
"Steve Clarke's awkward post-match interview after Scotland's defeat to Morocco: ""I don't even know why we do these interviews.""",,https://v.redd.it/sq760fu32g8h1,post_title,
Referee Felix Zwayer shows three yellow cards in one second (great hand),,https://v.redd.it/lj6b9i7lab8h1,post_title,
"[Matteo Moretto] Tottenham is very close to reaching an agreement with Mateus Fernandes on the contract. There have still been no official negotiations with West Ham. Mateus Fernandes, also on the radar of other big clubs, is open to signing for Tottenham.",,https://www.givemesport.com/breaking-tottenham-very-close-mateus-fernandes-agreement-sandro-tonali/,post_title,
"Kroos comes to Bellingham's defense after criticism: ""He is one of the most complete in the world"".",,http://marca.com/futbol/mundial/2026/06/19/kroos-sale-defensa-bellingham-criticas-completos-mundo.html,post_title,
“The father is useless”: Journalist France Pierron sparked a wave of criticism after saying she found it incomprehensible that Belgian player Jérémy Doku would leave the World Cup to attend the birth of his first child.,,https://v.redd.it/m1f4kih3le8h1,post_title,
A FIFA staff member holding the Czech Republic flag got caught in the huge flag while the others were rolling it up.,,https://v.redd.it/gneunvqdaa8h1,post_title,
"A group of Brazilian fans learnt of Philadelphia's 'Rocky Curse' (That any fanbase putting their paraphernalia on the statue of Rocky Balboa will lose), so they put an Argentina jersey on it",,https://v.redd.it/c0poqv59ob8h1,post_title,
USA [2] - 0 Australia - Alexander Freeman 43',,https://streamff.pro/v/997c616a,post_title,
Referee Ivan Barton asks Paraguay keeper to get up.,,https://v.redd.it/n4gls2590e8h1,post_title,
"Norway's Erling Haaland is the first player to score twice on their World Cup debut since... Elijah Just for New Zealand on Monday, who was the first player to achieve the feat since... Yasin Ayari for Sweden on Sunday, who was the the first to do so since... Folarin Balogun for the U.S. on Friday.",,https://sports.yahoo.com/articles/erling-haaland-third-world-cup-143234198.html,post_title,
"[The Athletic] For the first time since 1930, the USMNT has won back-to-back games in the men’s World Cup.",,https://bsky.app/profile/theathletic.com/post/3mooatjm7a22s,post_title,
Players with the most goal contributions (goals + assists) in a single World Cup since 1966.,,https://i.redd.it/aaai2tne6g8h1.png,post_title,
Iran to complain to FIFA over World Cup travel restrictions / Iran’s request to travel to Los Angeles two days before Sunday's World Cup match against Belgium was denied.,,https://www.espn.com/soccer/story/_/id/49120177/iran-fifa-complaint-world-cup-travel-usa,post_title,
Merih Demiral miss against Paraguay 90+7',,https://streamain.com/cwCEyVQ3vqaExGN/watch,post_title,
"[BBC Sport] Morocco completed 601 passes against Scotland, the most by an African team since records began in 1966",,https://i.redd.it/dw85xhr6nf8h1.jpeg,post_title,
"With their 2-0 victory against Australia, the United States are now the Unofficial Football World Champions.",,https://en.wikipedia.org/wiki/Unofficial_Football_World_Championships,post_title,
Paraguay completed only 9 passes in the first 30 minutes of the second half,,https://i.redd.it/8gfrpm8mad8h1.jpeg,post_title,
[Czechia 1-1 South Africa] Schick waves off the referee and walks away; Mokoena reacts in disbelief,,https://v.redd.it/cllth0jlt88h1,post_title,
Japan's coach takes a selfie with Harry Kane,,https://v.redd.it/meoalk18j98h1,post_title,
"Poll in Italy: ""without the Italian national team, which team you are you going to support and hope they can get far in the World Cup?""",,https://i.redd.it/32039a0x2f8h1.png,post_title,
USA [1] - 0 Australia - Cameron Burgess og 11',,https://streamff.pro/v/09ca0695,post_title,
"[Yahoo] Christian Pulisic ruled out with calf injury, Ricardo Pepi takes his place in USA's World Cup lineup Friday",,https://sports.yahoo.com/soccer/live/usmnt-vs-australia-score-live-updates-where-to-watch-world-cup-2026-christian-pulisic-injury-news-lineups-170000908.html,post_title,
[Reuters] Algeria lodge complaint to FIFA over refereeing in World Cup defeat to Argentina after Messi incident,,https://www.reuters.com/sports/soccer/algeria-complain-fifa-about-refereeing-loss-argentina-2026-06-19/,post_title,
"[The Athletic] Ismaël Koné has successful surgery, out of the World Cup – Canada Soccer",,https://www.nytimes.com/athletic/7376131/2026/06/19/ismael-kone-surgery-injury-canada-world-cup/,post_title,
Scotland 0 - [1] Morocco - I. Saibari 2',,https://streamff.pro/v/a6e9e511,post_title,
Seattle fans singing Take Me Home Country Roads after full time,,https://v.redd.it/f7gl35qt9b8h1,post_title,
"Lula, President of Brazil, mocks Neymar: ‘Neymar is the first home office call-up in the world. A home office player. I saw this on the internet yesterday.’ And he also added: ‘One day we will have to create 11 Pelés with artificial intelligence.’”",,https://v.redd.it/439m7qvk6b8h1,post_title,
"Post Match Thread: United States 2 - 0 Australia | FIFA World Cup 2026 | Group Stage, Group D",,https://old.reddit.com/r/soccer/comments/1uadq76/post_match_thread_united_states_2_0_australia/,post_title,
"10 years ago, Messi scored this goal against the USA in Copa America 2016, the first Puskás nominated free kick ever.",,https://v.redd.it/1oz583mzjb8h1,post_title,
Brazil [2] - 0 Haiti - Matheus Cunha 36',,https://streamin.link/v/2d23d2a9,post_title,
Australia penalty shout against USA - 61',,https://v.redd.it/chba6vwfua8h1,post_title,
Alisson Becker dribble against Haiti,,https://v.redd.it/th5ftpxefc8h1,post_title,
Brazil [3] - 0 Haiti - Vinícius Júnior 45+3',,https://streamin.link/v/ff1088fc,post_title,
USA-Australia as registered by the Pacific Northwest Seismic Network's seismic monitoring system,,https://i.redd.it/7iozl04egb8h1.jpeg,post_title,
Argentinian TV host resigns after falsely reporting death of Lionel Messi’s father,,https://www.theguardian.com/football/2026/jun/19/argentina-tv-host-resigns-falsely-reporting-death-jorge-messi,post_title,
"Paraguay's coach Gustavo Alfaro to Almiron after the match: ""You should have said him everything to him in Guarani. He doesn't understand.""",,https://www.tycsports.com/mundial/alfaro-paraguay-turquia-mundial-copa-del-mundo-arbitraje-id737314.html,post_title,
Why is Christiano Ronaldo still shooting freekicks?,,https://i.redd.it/ckfhziqalg8h1.png,post_title,
Wieczysta Kraków sign Duje Dujmović from Zrinjski,,https://kswieczysta.com/duje-dujmovic-zawodnikiem-wieczystej,post_title,
Ancelotti expects Neymar back for Brazil's Scotland World Cup showdown,,https://www.reuters.com/sports/soccer/ancelotti-expects-neymar-back-brazils-scotland-world-cup-showdown-2026-06-20/,post_title,
[NYTimes] Smaller U.S. Cities Give Visiting Teams an Extra-Warm Embrace,,https://www.nytimes.com/live/2026/us/fifa-world-cup,post_title,
Zagłębie Lubin sign Sebastian Kerk from Arka Gdynia,,https://www.zaglebie.com/Aktualnosci/Pierwszy-zespol/sebastian-kerk-nowym-pilkarzem-kghm-zaglebia-lubin_n19924,post_title,
Arka Gdynia sign Marco Komenda from Holstein Kiel,,https://www.arka.gdynia.pl/news/marco-komenda-pilkarzem-arki-gdynia,post_title,
"World Cup 2026: The sibling rivals lining up for different teams in the US, Canada and Mexico",,https://www.bbc.com/sport/football/articles/ce3ev0v7ge4o,post_title,
AC Sparta Praha using a video of Sivert Mannsverk pushing a pitch invader as the official signing announcement,,https://v.redd.it/nin137yhif8h1,post_title,
Official: Sparta Prague activated buy option and makes the Sivert Mannsverk move from Ajax permanent,,https://english.ajax.nl/articles/ajax-and-ac-sparta-prague-reach-agreement-on-sivert-mannsverk-transfer/,post_title,
Oxford United sack head coach Matt Bloomfield,,https://www.bbc.com/sport/football/articles/cly8nq5ee11o,post_title,
Nagelsmann's witty reply to a journalist asking about snake in Germany camp;,,https://v.redd.it/uoizlo385f8h1,post_title,
[V] SC Heerenveen approaching agreement on contract extension of Kirayno Schaken (17) until 2030. Several top clubs had shown interest. He's a son of former player Ruben Schaken. His brother Jerayno left SC Heerenveen for Feyenoord last season,,https://www.vi.nl/nieuws/sc-heerenveen-houdt-zoon-schaken-17-uit-handen-van-topclubs,post_title,
Report : “are you excited to watch him play in the world cup?” Ferran torres’ grandfather: “No.”,,https://v.redd.it/a94ucjslxe8h1,post_title,
"After the Serie D relegation play-out between Sora and San Marino Calcio, a brawl started between members of both clubs, some of whom needed treatment in the emergency room afterwards. Five members have been banned for a total of five years and six months.",,https://www.sanmarinortv.sm/sport/calcio-sammarinese-c15/sora-san-marino-rissa-negli-spogliatoi-scattano-5-daspo-per-i-tesserati-a292029,post_title,
CE Sabadell are promoted to LaLiga Hypermotion after beating Zamora in the play-offs,,https://i.redd.it/43lu5uoqne8h1.jpeg,post_title,
[VI] Remco Balk (25) is set to join Bali United. The striker has left SC Cambuur on a free transfer and is set to sign a contract in Indonesia shortly. This has been confirmed by sources close to the matter.,,https://www.vi.nl/nieuws/balk-volgt-cambuur-collega-van-der-sande-naar-bali-united,post_title,
Audio of the DSports Argentina USA-AUS match showing the non-AI version of what was said.,,https://v.redd.it/99qh40gcje8h1,post_title,
[Reuters] Koeman vows to make better substitutions against Sweden,,https://www.reuters.com/sports/soccer/koeman-vows-make-better-substitutions-against-sweden-2026-06-20/,post_title,
"Abdülkerim Bardakcı completed all 98 passes he attempted against Paraguay, the most passes with a 100 percent accuracy rate by any player in a FIFA World Cup match since 1966 [OPTA]",,https://i.redd.it/cv5xvb31ae8h1.jpeg,post_title,
Saibari strikes after 70 seconds as Morocco puncture Scotland’s World Cup party | World Cup 2026 | The Guardian,,https://www.theguardian.com/football/2026/jun/20/scotland-morocco-world-cup-match-report,post_title,
"Montella ""There were 65 shots in two matches, and I don't even want to mention the ball possession. I've never seen a team lose two matches in a row with these statistics. Fate wasn't on our side.""",,https://www.hurriyet.com.tr/sporarena/turkiye-paraguay-maci-sonrasi-montella-konustu-nasipte-yok-derler-ya-43212092,post_title,
Every game during the last matchday had all goals scored in the first half,,https://old.reddit.com/r/soccer/comments/1uapq0c/every_game_during_the_last_matchday_had_all_goals/,post_title,
Turkish journalist Serdar Ali Çelikler says “You Are Haiti”,,https://v.redd.it/7ko2z0n8wd8h1,post_title,
"June 19, 2026, is the first day that every World Cup group stage game ended in a shutout since June 20, 2018",,https://old.reddit.com/r/soccer/comments/1uape0c/june_19_2026_is_the_first_day_that_every_world/,post_title,
[MSN] ‘The ref was having a stinker’: Nestory Irankunda takes aim after Socceroos loss,,https://www.msn.com/en-au/sport/football/the-ref-was-having-a-stinker-nestory-irankunda-takes-aim-after-socceroos-loss/ar-AA266DFC,post_title,
"Carlo Ancelotti: ""I think this is going to be a World Cup of intensity — of high intensity. Taking into account that, for example, Argentina does not play a high-intensity football.""",,https://www.elancasti.com.ar/deportes/ancelotti-argentina-no-juega-un-futbol-alta-intensidad-n615305,post_title,
Official: [Index] - For All Your Team/League Questions - Sat 06/20/2026,,https://old.reddit.com/r/fantasyfootball/comments/1uatrd0/official_index_for_all_your_teamleague_questions/,post_title,
Dynasty Trade Targets - Wide Receivers to Sell,,https://www.rotoballer.com/5-wide-receiver-dynasty-fantasy-football-sells-2026/1877596,post_title,
Colts asking more of Tyler Warren this year,,https://www.nbcsports.com/fantasy/football/player-news/2026-06-19/beat-colts-asking-more-of-tyler-warren-this-year,post_title,
"""Diet De'Von Achane"": Demond Claiborne",,https://old.reddit.com/r/fantasyfootball/comments/1ua44nb/diet_devon_achane_demond_claiborne/,post_title,
Official: [Keeper] - Sat 06/20/2026,,https://old.reddit.com/r/fantasyfootball/comments/1uatqwn/official_keeper_sat_06202026/,post_title,
"Official: [Dynasty, Best Ball, and Guillotine Strategy] - Sat 06/20/2026",,https://old.reddit.com/r/fantasyfootball/comments/1uatqw8/official_dynasty_best_ball_and_guillotine/,post_title,
The Markdown: Jordan Love and the Volume Tax,,https://leaguedonation.com/field-notes?post=the-markdown,post_title,
QB1 Candidates - Undervalued Draft Targets,,https://www.rotoballer.com/5-sneaky-qb1-contenders-for-fantasy-football-quarterback-sleepers-to-draft-2026/1876349,post_title,
"Official: [League, Commissioner, and Platform Issues] - Sat 06/20/2026",,https://old.reddit.com/r/fantasyfootball/comments/1uatqwx/official_league_commissioner_and_platform_issues/,post_title,
Scott Fish Bowl 16 Rankings and Scoring Tips! #SFB16,,https://www.fantasyalarm.com/articles/nfl/fantasy-football-draft-guide/2026-scott-fish-bowl-strategy/191478,post_title,
5 Must-Draft Sleepers for Fantasy Football in 2026,,https://youtube.com/watch?v=UlNI9ZyoYNU&amp;si=tAo_aLU55GKUJEuy,post_title,
Why Jonathan Taylor is the Biggest Trap in 2026,,https://fptrack.com/football/why-jonathan-taylor-is-the-biggest-trap-in-2026-fantasy-football,post_title,
Official: [Keeper] - Fri 06/19/2026,,https://old.reddit.com/r/fantasyfootball/comments/1u9ywp8/official_keeper_fri_06192026/,post_title,
These 5 RBs Will Either Make It or Break It in 2026,,https://fptrack.com/football/5-rbs-make-it-or-break-2026-fantasy-football,post_title,
"Age old question: When picking at the backend, would you rather grab an elite wr + elite rb or double dip at the most valuable position at rb?",,https://old.reddit.com/r/fantasyfootball/comments/1u971hz/age_old_question_when_picking_at_the_backend/,post_title,
Official: [Index] - For All Your Team/League Questions - Fri 06/19/2026,,https://old.reddit.com/r/fantasyfootball/comments/1u9yx6u/official_index_for_all_your_teamleague_questions/,post_title,
"Official: [League, Commissioner, and Platform Issues] - Fri 06/19/2026",,https://old.reddit.com/r/fantasyfootball/comments/1u9ywpm/official_league_commissioner_and_platform_issues/,post_title,
"Official: [Dynasty, Best Ball, and Guillotine Strategy] - Fri 06/19/2026",,https://old.reddit.com/r/fantasyfootball/comments/1u9ywp0/official_dynasty_best_ball_and_guillotine/,post_title,
Dynasty Trade Targets - Running Backs to Buy,,https://www.rotoballer.com/4-fantasy-football-running-backs-to-buy-dynasty-trade-targets-2026/1876910,post_title,
"ESPN's Benjamin Solak believes Brendan Sorsby ""would easily clear Carson Beck"" as a potential franchise quarterback for the Cardinals and has a much better chance of becoming fantasy relevant.",,https://www.nbcsports.com/fantasy/football/player-news?playerNewsId=0000019e-d647-d4a3-a7fe-f7d72d130000,post_title,
Bijan vs. Gibbs: Who Do You Prefer for 2026?,,https://www.fftoday.com/articles/roberts/26-bijan-gibbs.html,post_title,
"Dontayvion Wicks a ""Key Piece"" in Eagles Offense, Seeing Snaps in Two-WR Sets [Breer]",,https://www.rotoballer.com/player-news/dontayvion-wicks-a-key-piece-to-the-eagles-offense/1877506,post_title,
14 teams had at least 2X more total rushing yards before contact than the Raiders last season. But there are a lot of reasons to think Ashton Jeanty is set up for breakout year 2.,,https://old.reddit.com/r/fantasyfootball/comments/1u8r405/14_teams_had_at_least_2x_more_total_rushing_yards/,post_title,
5 Rookie WRs to Target In Drafts,,https://optimusfantasy.com/rookie-wrs-to-target-in-drafts/,post_title,
Bhayshul Tuten Coachspeak,,https://old.reddit.com/r/fantasyfootball/comments/1u8jsn5/bhayshul_tuten_coachspeak/,post_title,
O-Line & D-Line Rankings for TPR and PFF. Some clear differences for a few teams.,,https://old.reddit.com/r/fantasyfootball/comments/1u8nauo/oline_dline_rankings_for_tpr_and_pff_some_clear/,post_title,
These 4 WRs Will Either Make It or Break It in 2026,,https://fptrack.com/football/4-wrs-make-or-break-2026-fantasy-football,post_title,
"Projecting Jets, Bucs backfields: Rotoworld Football Show",,https://youtu.be/k7O9xHAON7E?is=S5HytKDfPDHdCjI0,post_title,
Official: [Index] - For All Your Team/League Questions - Thu 06/18/2026,,https://old.reddit.com/r/fantasyfootball/comments/1u9363t/official_index_for_all_your_teamleague_questions/,post_title,
"Official: [League, Commissioner, and Platform Issues] - Thu 06/18/2026",,https://old.reddit.com/r/fantasyfootball/comments/1u935na/official_league_commissioner_and_platform_issues/,post_title,
Official: [Keeper] - Thu 06/18/2026,,https://old.reddit.com/r/fantasyfootball/comments/1u935n2/official_keeper_thu_06182026/,post_title,
"Official: [Dynasty, Best Ball, and Guillotine Strategy] - Thu 06/18/2026",,https://old.reddit.com/r/fantasyfootball/comments/1u935mp/official_dynasty_best_ball_and_guillotine/,post_title,
"Ladd McConkey dealing with hamstring injury, expects to be ready for camp",,https://www.nbcsports.com/nfl/profootballtalk/rumor-mill/news/ladd-mcconkey-dealing-with-hamstring-injury-expects-to-be-ready-for-camp,post_title,
How to Value Fantasy Football Keepers,,https://keepercalc.com/articles/how-to-value-fantasy-football-keepers,post_title,
Top 300 Underdog Best Ball Rankings with Tiers (2026),,https://www.rotoballer.com/underdog-best-ball-fantasy-football-rankings-and-tiers-2026/1873588,post_title,
Bluesky Starter Pack for every NFL team,,https://old.reddit.com/r/fantasyfootball/comments/1u9d6el/bluesky_starter_pack_for_every_nfl_team/,post_title,
I built a free Chrome extension that gives live draft recommendations on Sleeper (open source),,https://old.reddit.com/r/fantasyfootball/comments/1u8gsz3/i_built_a_free_chrome_extension_that_gives_live/,post_title,
Superflex QB bias in apps,,https://old.reddit.com/r/fantasyfootball/comments/1u97xsy/superflex_qb_bias_in_apps/,post_title,
Nix on Track for Training Camp per Sean Payton,,https://old.reddit.com/r/fantasyfootball/comments/1u8anll/nix_on_track_for_training_camp_per_sean_payton/,post_title,
"I run 220+ leagues, made tools to help do it",,https://old.reddit.com/r/fantasyfootball/comments/1u9cdq0/i_run_220_leagues_made_tools_to_help_do_it/,post_title,
[Rapoport] Chiefs WR Rashee Rice was released from Dallas County Jail today after 30 days in jail for a probation violation.,,https://bsky.app/profile/nflnewsposter.bsky.social/post/3mog2py2isc2i,post_title,
SFB16 Draft Strategy: The Pocket Passer Cheat Code,,https://optimusfantasy.com/sfb16-draft-strategy/,post_title,
Who's one player you're sleeping on heading into 2026 drafts that the consensus is completely wrong about?,,https://old.reddit.com/r/fantasyfootball/comments/1u98mwp/whos_one_player_youre_sleeping_on_heading_into/,post_title,
Michael Wilson finished 2025 as a Top 12 WR in PPR. Why is everyone so low on him this year?,,https://old.reddit.com/r/fantasyfootball/comments/1u7g7rw/michael_wilson_finished_2025_as_a_top_12_wr_in/,post_title,
Official: [Keeper] - Wed 06/17/2026,,https://old.reddit.com/r/fantasyfootball/comments/1u87004/official_keeper_wed_06172026/,post_title,
Official: [Index] - For All Your Team/League Questions - Wed 06/17/2026,,https://old.reddit.com/r/fantasyfootball/comments/1u870iz/official_index_for_all_your_teamleague_questions/,post_title,
Must-Have Wide Receivers: League-Winning Draft Targets,,https://www.rotoballer.com/5-must-have-fantasy-football-wide-receivers-league-winning-draft-picks-2026-2/1867831,post_title,
"Official: [Dynasty, Best Ball, and Guillotine Strategy] - Wed 06/17/2026",,https://old.reddit.com/r/fantasyfootball/comments/1u86zzo/official_dynasty_best_ball_and_guillotine/,post_title,
Sleeper Breakout Tight Ends: A Deep Dive into a Top-12 Finish for Chigoziem Okonkwo.,,https://open.substack.com/pub/bellcurveff/p/sleeper-breakout-tight-ends-a-deep?r=8ktukf&amp;utm_campaign=post&amp;utm_medium=web&amp;showWelcomeOnShare=true,post_title,
"Official: [League, Commissioner, and Platform Issues] - Wed 06/17/2026",,https://old.reddit.com/r/fantasyfootball/comments/1u8700k/official_league_commissioner_and_platform_issues/,post_title,
5 Risers after OTAs to Buy in Fantasy Football,,https://youtube.com/watch?v=saPA2frgDJY&amp;si=GIB1E77qGF7wNTLX,post_title,
"What Have You Been Listening To? - Week of June 15, 2026",,https://old.reddit.com/r/LetsTalkMusic/comments/1u6j1rq/what_have_you_been_listening_to_week_of_june_15/,post_title,
"General Discussion, Suggestion, & List Thread - Week of June 18, 2026",,https://old.reddit.com/r/LetsTalkMusic/comments/1u98mk3/general_discussion_suggestion_list_thread_week_of/,post_title,
Underground concerts are MUCH better than mainstream ones.,,https://old.reddit.com/r/LetsTalkMusic/comments/1uarx3g/underground_concerts_are_much_better_than/,post_title,
how frequently do you listen to new albuns?,,https://old.reddit.com/r/LetsTalkMusic/comments/1uaxr1n/how_frequently_do_you_listen_to_new_albuns/,post_title,
All things must pass,,https://old.reddit.com/r/LetsTalkMusic/comments/1uaies7/all_things_must_pass/,post_title,
Why isn’t there a lot of American representation in the neo-soul/traditional-pop/pop-jazz area?,,https://old.reddit.com/r/LetsTalkMusic/comments/1uahy6s/why_isnt_there_a_lot_of_american_representation/,post_title,
"What makes an album a ""grower"" rather than an instant favorite?",,https://old.reddit.com/r/LetsTalkMusic/comments/1ua0jq2/what_makes_an_album_a_grower_rather_than_an/,post_title,
"Is there a sense of what ""reddit music taste"" entails?",,https://old.reddit.com/r/LetsTalkMusic/comments/1u9ri8e/is_there_a_sense_of_what_reddit_music_taste/,post_title,
"How true is the claim that the Beatles made the first Heavy Metal song with ""Helter Skelter""?",,https://old.reddit.com/r/LetsTalkMusic/comments/1ua2fwu/how_true_is_the_claim_that_the_beatles_made_the/,post_title,
Do Folks Really Have a Difficult Time with Kate Bush?,,https://old.reddit.com/r/LetsTalkMusic/comments/1u9567f/do_folks_really_have_a_difficult_time_with_kate/,post_title,
"Why music critics value more ""message"" more than music itself?",,https://old.reddit.com/r/LetsTalkMusic/comments/1u9zvcs/why_music_critics_value_more_message_more_than/,post_title,
What first caught people’s attention about Calgary post-punk?,,https://old.reddit.com/r/LetsTalkMusic/comments/1u97fnj/what_first_caught_peoples_attention_about_calgary/,post_title,
The Miseducation of Lauryn Hill: A Study in Tough Love,,https://old.reddit.com/r/LetsTalkMusic/comments/1u8tegv/the_miseducation_of_lauryn_hill_a_study_in_tough/,post_title,
Do you believe in hidden treasures?,,https://old.reddit.com/r/LetsTalkMusic/comments/1u932sc/do_you_believe_in_hidden_treasures/,post_title,
Olivia Rodrigo's New Album,,https://old.reddit.com/r/LetsTalkMusic/comments/1u7juhj/olivia_rodrigos_new_album/,post_title,
"Let's Talk: Saturday Night Fever, The Bee Gees, and Disco Demolition Night",,https://old.reddit.com/r/LetsTalkMusic/comments/1u7f036/lets_talk_saturday_night_fever_the_bee_gees_and/,post_title,
What do famous B-side hits tell us about how songs become successful?,,https://old.reddit.com/r/LetsTalkMusic/comments/1u7d8fw/what_do_famous_bside_hits_tell_us_about_how_songs/,post_title,
"I wonder how popular and well-known Jermaine Jackson, Michael Jackson’s brother, was during the 1980s and 1990s.",,https://old.reddit.com/r/LetsTalkMusic/comments/1u7a1k4/i_wonder_how_popular_and_wellknown_jermaine/,post_title,
"Never Mind the Bollocks, Here's the Sex Pistols",,https://old.reddit.com/r/LetsTalkMusic/comments/1u6rjro/never_mind_the_bollocks_heres_the_sex_pistols/,post_title,
What would you say about DTTG?,,https://old.reddit.com/r/LetsTalkMusic/comments/1u7pk47/what_would_you_say_about_dttg/,post_title,
Tips and tricks to building playlists?,,https://old.reddit.com/r/LetsTalkMusic/comments/1u73q3p/tips_and_tricks_to_building_playlists/,post_title,
Alright everybody-please break down Deftones for me.,,https://old.reddit.com/r/LetsTalkMusic/comments/1u700dk/alright_everybodyplease_break_down_deftones_for_me/,post_title,
Do 80's hits have the most staying power? Are they the most memorable?,,https://old.reddit.com/r/LetsTalkMusic/comments/1u73fkh/do_80s_hits_have_the_most_staying_power_are_they/,post_title,
My problem with Pet Sounds,,https://old.reddit.com/r/LetsTalkMusic/comments/1u73qmi/my_problem_with_pet_sounds/,post_title,
What was the last CD you bought and why?,,https://old.reddit.com/r/LetsTalkMusic/comments/1u5kinp/what_was_the_last_cd_you_bought_and_why/,post_title,
Do you think music is becoming more genreless?,,https://old.reddit.com/r/LetsTalkMusic/comments/1u6hibk/do_you_think_music_is_becoming_more_genreless/,post_title,
Britain's most successful singles band had just one hit in America,,https://old.reddit.com/r/LetsTalkMusic/comments/1u4qhax/britains_most_successful_singles_band_had_just/,post_title,
How do you organise your playlists?,,https://old.reddit.com/r/LetsTalkMusic/comments/1u57xsy/how_do_you_organise_your_playlists/,post_title,
"How did you ""discover"" your favorite bands?",,https://old.reddit.com/r/LetsTalkMusic/comments/1u4uhaq/how_did_you_discover_your_favorite_bands/,post_title,
I do not understand wanting to hear an album again for the first time,,https://old.reddit.com/r/LetsTalkMusic/comments/1u44dqt/i_do_not_understand_wanting_to_hear_an_album/,post_title,
Tyler better than kanye?,,https://old.reddit.com/r/LetsTalkMusic/comments/1u55ki4/tyler_better_than_kanye/,post_title,
What actually makes a good track?,,https://old.reddit.com/r/LetsTalkMusic/comments/1u4ylj8/what_actually_makes_a_good_track/,post_title,
It might take a Gen X band/artist/person to spark the next music revolution...,,https://old.reddit.com/r/LetsTalkMusic/comments/1u5768p/it_might_take_a_gen_x_bandartistperson_to_spark/,post_title,
"Opinions On: James Leyland Kirby, Otherwise Known As: The Caretaker/The Caretaker - Topic",,https://old.reddit.com/r/LetsTalkMusic/comments/1u4p2e5/opinions_on_james_leyland_kirby_otherwise_known/,post_title,
What do you think of when band members go solo? Do you think there is any way it can work out afterwards?,,https://old.reddit.com/r/LetsTalkMusic/comments/1u3x4tt/what_do_you_think_of_when_band_members_go_solo_do/,post_title,
I don't really understand why people dislike Disturbed's Sound of Silence cover,,https://old.reddit.com/r/LetsTalkMusic/comments/1u4leew/i_dont_really_understand_why_people_dislike/,post_title,
Traffic - Dear Mr Fantasy 1967 - Guitarist is Mason or Winwood ?,,https://old.reddit.com/r/LetsTalkMusic/comments/1u3bv4s/traffic_dear_mr_fantasy_1967_guitarist_is_mason/,post_title,
"As someone who genuinely likes AJR, why do people hate it?",,https://old.reddit.com/r/LetsTalkMusic/comments/1u44aku/as_someone_who_genuinely_likes_ajr_why_do_people/,post_title,
"General Discussion, Suggestion, & List Thread - Week of June 11, 2026",,https://old.reddit.com/r/LetsTalkMusic/comments/1u31hlp/general_discussion_suggestion_list_thread_week_of/,post_title,
How close is Gothic Metal to Alt-Pop?,,https://old.reddit.com/r/LetsTalkMusic/comments/1u3mg02/how_close_is_gothic_metal_to_altpop/,post_title,
Do you guys think that lorde will get back to making music like Pure Heroine & Melodrama again?,,https://old.reddit.com/r/LetsTalkMusic/comments/1u2qf9z/do_you_guys_think_that_lorde_will_get_back_to/,post_title,
Punk Genre music and what it entails,,https://old.reddit.com/r/LetsTalkMusic/comments/1u3exdc/punk_genre_music_and_what_it_entails/,post_title,
"Did anyone in Metallica's circle advise against their collaboration/release with Lou Reed for the train wreck of an album, Lulu?",,https://old.reddit.com/r/LetsTalkMusic/comments/1u3ckde/did_anyone_in_metallicas_circle_advise_against/,post_title,
How music was before,,https://old.reddit.com/r/LetsTalkMusic/comments/1u1nvg1/how_music_was_before/,post_title,
Are any of Arcade Fire’s albums significant?,,https://old.reddit.com/r/LetsTalkMusic/comments/1u1o4gm/are_any_of_arcade_fires_albums_significant/,post_title,
"Even though the Cherry Poppin' Daddies have the most eyebrow-raising and cringeworthy band name ever, they make pretty good music",,https://old.reddit.com/r/LetsTalkMusic/comments/1u1mspg/even_though_the_cherry_poppin_daddies_have_the/,post_title,
How are the crowds for shows in your city? Have you noticed a big difference between other cities?,,https://old.reddit.com/r/LetsTalkMusic/comments/1u1q331/how_are_the_crowds_for_shows_in_your_city_have/,post_title,
"We all age. But, do artists and bands playing live age?",,https://old.reddit.com/r/LetsTalkMusic/comments/1u28vyd/we_all_age_but_do_artists_and_bands_playing_live/,post_title,
Whose history is classical music? Why are there almost no women in music history?,,https://old.reddit.com/r/LetsTalkMusic/comments/1u1nf84/whose_history_is_classical_music_why_are_there/,post_title,
Is nostalgia for music of the distant past easier than nostalgia for music of the recent past?,,https://old.reddit.com/r/LetsTalkMusic/comments/1u1eub1/is_nostalgia_for_music_of_the_distant_past_easier/,post_title,
Political/social commentary in and by musicians and music,,https://old.reddit.com/r/LetsTalkMusic/comments/1u1ivjy/politicalsocial_commentary_in_and_by_musicians/,post_title,
[RATE REMINDER] 2000s Folky Indie Rate is due in 1 week!,,https://old.reddit.com/r/indieheads/comments/1u7vayv/rate_reminder_2000s_folky_indie_rate_is_due_in_1/,post_title,
June 2026 Concert Roll Call,,https://old.reddit.com/r/indieheads/comments/1ttq29y/june_2026_concert_roll_call/,post_title,
How ‘The OC’ Boosted Death Cab for Cutie’s Career: ‘The Band Became a Character in The Show’,,https://au.rollingstone.com/music/music-news/the-oc-boosted-death-cab-for-cutie-career-97140/,post_title,
"Pond, Geese, Tame Impala and King Gizz collaboration will be part of a new GUM's project",,https://old.reddit.com/r/indieheads/comments/1uaz5t3/pond_geese_tame_impala_and_king_gizz/,post_title,
[Saturday] Daily Music Discussion - 20 June 2026,,https://old.reddit.com/r/indieheads/comments/1uayq51/saturday_daily_music_discussion_20_june_2026/,post_title,
[FRESH PERFORMANCE] Bill Callahan - TAFS Unplugged,,https://youtu.be/oSqL4zdKvNE?is=dlgsvUjWAE45HjZs,post_title,
[FRESH PERFORMANCE] La Dispute- Live at Hellfest Open Air 2026 – ARTE Concert,,https://www.youtube.com/live/la0Huo_Zu8E?si=XUR3GH9rFnOQhdTe,post_title,
[FRESH ALBUM] Fluke - The Second Bite,,https://fluke6.bandcamp.com/album/the-second-bite,post_title,
[FRESH PERFORMANCE] Death Cab for Cutie on World Cafe | Live Session & Interview,,https://www.youtube.com/watch?v=AajlQ2R1xtY,post_title,
"The Reinvention of the Guitar in 13 Albums, by Simon Reynolds | The Quietus",,https://thequietus.com/interviews/bakers-dozen/simon-reynolds-bakers-dozen-still-in-a-dream-reinvention-of-guitar/,post_title,
[FRESH PERFORMANCE] Porter Robinson x Ninajirachi b2b (Full Set),,https://youtu.be/zSlrNB0thpU?si=8yZ9KDBfLgZctJVO,post_title,
[FRESH VIDEO] daine - PQC (Official Music Video),,https://youtu.be/PuQJ4XEKpoU?si=sy7TFf5SnAeLvO2N,post_title,
"Albert Hammond Jr. Explains Strokes Album Delay, Joins Kennyhoopla On ""NEW AMERICA//""",,https://stereogum.com/2502813/albert-hammond-jr-explains-strokes-album-delay-joins-kennyhoopla-on-new-america/music,post_title,
[FRESH ALBUM] Tierra Whack - Whack's Museum,,https://open.qobuz.com/album/c0d6zl2c50lz3,post_title,
[FRESH VIDEO] Behind the Track｜'Loser’ by Beck,,https://youtube.com/watch?v=r5uV-wHENnI&amp;si=ddzzSp3CzCaLpeR8,post_title,
[FRESH VIDEO] Night Tapes - swim,,https://youtu.be/fnFoxHIUIt4?si=3PtEljcLkt9lACUB,post_title,
[Friday] Daily Music Discussion - 19 June 2026,,https://old.reddit.com/r/indieheads/comments/1ua5uvo/friday_daily_music_discussion_19_june_2026/,post_title,
[FRESH EP] Selve - Breaking Outta Heaven,,https://selvemusic.bandcamp.com/album/breaking-outta-heaven,post_title,
[FRESH PERFORMANCE] Wolf Alice - live at Best Kept Secret 2026,,https://youtu.be/8X7th1wSfOA?is=Wk9_L8NDheG1LTYY,post_title,
[FRESH] canaries - two songs for a troubled world,,https://bandcalledcanaries.bandcamp.com/album/two-songs-for-a-troubled-world?utm_source=ig&amp;utm_medium=social&amp;utm_content=link_in_bio&amp;fbclid=PAZnRzaASigaxleHRuA2FlbQIxMQBzcnRjBmFwcF9pZA8xMjQwMjQ1NzQyODc0MTQAAaffVFt5pXkyWYAWdAffm8yb73u9fiM83GWIFYxfwEOGYnZO5Q_kV7PKiTY6kA_aem_aXY4kIWOpLliOvWsrL3aXw,post_title,
[FRESH EP] Big Freedia / SOPHIE - Released At Last,,https://open.qobuz.com/album/rje92wf7o2qpv,post_title,
[FRESH PERFORMANCE] All Them Witches - Full Performance (Live on KEXP),,https://youtu.be/oI8myAraUw0?is=98DBiGk1xfIyVOuR,post_title,
[FRESH ALBUM] Pond - Terrestrials,,https://music.youtube.com/playlist?list=OLAK5uy_kQ1EaOlinTcp5kKNxVXbo1VQ5V-CUVTd4,post_title,
[FRESH PERFORMANCE] CMAT - When A Good Man Cries (Live at The Castro Theatre),,https://youtu.be/EtmUjZOsuOY?is=qXY7W-JCEY9-nLBB,post_title,
"[FRESH VIDEO] The Shins - Happy 25th Birthday to Oh, Inverted World!",,https://youtu.be/iur04pfoGCY?si=gw6Q-slHYhks3iMl,post_title,
[FRESH] Big Benny Bailey (Shamir Bailey and Ben Pierce) - Ain't No Getting Rid of Me Yet // Debut album 'Business Spice' out 9/18 via Thirty Tigers,,https://youtu.be/prf1AQgmEMI?si=7STE84hNkaWQCRlf,post_title,
[FRESH PERFORMANCE] grubbing - Full Performance (Humm Sessions),,https://www.youtube.com/watch?v=8_cEw3BbRhI,post_title,
[FRESH ALBUM] Quiet Houses - we're all in love,,https://open.spotify.com/album/2SpcNHbHyQAgcdQ2UzS0bF?si=bIYn-gYhS-e3AnIoILVhyA,post_title,
"[FRESH ALBUM] XTC - Live Boots (Emerald City, Cherry Hill, NJ, 4/17/1981)",,https://open.qobuz.com/album/er8ghu1ke4hal,post_title,
[FRESH] sunbleached - Slow Burn,,https://music.youtube.com/watch?v=F-NgNCX-L9c,post_title,
[FRESH REISSUE] Damien Jurado - Bird Traps EP,,https://damienjurado.bandcamp.com/album/bird-traps,post_title,
[FRESH] Night Tapes - swim,,https://open.spotify.com/track/3TRP1MEDDkUw0YDsi8iQ3F?si=XHpfzL-VQfOHFwhVCQVUtQ,post_title,
[FRESH ALBUM] Leah Senior - Pt. Roadknight,,https://tidal.com/album/517218334/u,post_title,
Hard-Fi: 'We sold millions - then had to go back to our day jobs',,https://inews.co.uk/culture/music/why-this-bands-whole-world-changed-for-the-worse-in-just-12-months-4470902,post_title,
[FRESH ALBUM] Fancy Weapon (Dirty Three's Mick Turner's New Band) - Fancy Weapon,,https://fancyweapon.bandcamp.com/album/fancy-weapon,post_title,
[FRESH VIDEO] TV Priest - The Mud Never Dries,,https://youtu.be/JVm6FofLApU?is=KUpl9QSxxk50xS3p,post_title,
[FRESH ALBUM] Styrofoam Winos - Any River,,https://styrofoamwinos.bandcamp.com/album/any-river,post_title,
"[Discussion] (6/19) Underground Music Club #55: Dawuna, Emma Frank, Cots, Nick Frater, and Zoe Reddy",,https://old.reddit.com/r/indieheads/comments/1ua1d1w/discussion_619_underground_music_club_55_dawuna/,post_title,
[FRESH] FKA Twigs - On Your Mind (ft. Lil Yachty),,https://youtu.be/CaU6ahynQ9E?is=xGdXOQVZS6B3GGtC,post_title,
[FRESH EP] 1010Benja - 1010: Time Has Nothing To Do With What You Choose...,,https://music.apple.com/us/album/1010-time-has-nothing-to-do-with-what-you-choose-ep/6773187289,post_title,
[FRESH REISSUE] jejeune - Wait A Lifetime,,https://open.qobuz.com/album/r75s4okzr3o0o,post_title,
[FRESH ALBUM] The Alchemist - LIQUID FORM,,https://open.qobuz.com/album/blp3xtv85gqsf,post_title,
[FRESH] Uh Oh - Right On Time,,https://open.spotify.com/track/5SsxpwT0cvBtOo4UWOnisR?si=koEztVycTFy8e0UZuV65pQ,post_title,
[FRESH ALBUM] Swim Deep - Hum,,https://open.spotify.com/album/72w34bINyJHpkIIuqIAZjg?si=fc3f220a49db4f67,post_title,
[FRESH ALBUM] Alex Zhang Hungtai (Dirty Beaches) - Orion/Mother,,https://alexzhanghungtai.bandcamp.com/album/orion-mother,post_title,
[FRESH] doseone & Height Keech - Human Satan / 'Wood Teeth II' Out July 4th,,https://doseone.bandcamp.com/album/wood-teeth-ii,post_title,
[FRESH ALBUM] Haircut 100 - Boxing The Compass,,https://music.apple.com/us/album/boxing-the-compass/1883088119,post_title,
[FRESH VIDEO] Aiko el grupo - Oda a la muerte de nuestro amor,,https://youtu.be/ds8JV4rvUeA?is=vu9EMBafsJ5ff1yC,post_title,
[FRESH ALBUM] Alison Cotton - The Gods Laugh,,https://alisoncotton-uk.bandcamp.com/album/the-gods-laugh,post_title,
[FRESH ALBUM] GVTH DVDDY - GVDV,,https://gvthdvddy.bandcamp.com/album/gvdv,post_title,
"Beth Orton 1997 Interview, free to read",,https://old.reddit.com/r/indieheads/comments/1ua38bn/beth_orton_1997_interview_free_to_read/,post_title,
[FRESH ALBUM] Michael F. Hunt - Passage of Time: The Music of Michael F. Hunt,,https://phantomlimblabel.bandcamp.com/album/passage-of-time-the-music-of-michael-f-hunt,post_title,
[FRESH ALBUM] Total Mathematics - Infinite Pyramids,,https://totalmathematics.bandcamp.com/album/infinite-pyramids,post_title,
[FRESH EP] Laurent Bardainne - Prologue EP,,https://laurentbardainnetigredeaudouce.bandcamp.com/album/prologue-ep-2,post_title,
[FRESH EP] Caru & Brandn Shiraz - Two for Two EP,,https://caru-xo.bandcamp.com/album/two-for-two-ep?from=embed,post_title,
[FRESH ALBUM] Bunchy’s Big Score - Wanda’s Bicycle,,https://bunchysbigscore.bandcamp.com/album/wandas-bicycle,post_title,
[FRESH EP] LAUREL - LONDON’S LAST SWEETHEART LOST RECORDINGS,,https://tidal.com/album/532122783/u,post_title,
[FRESH] SKORTS - Headrush,,https://tidal.com/album/528370826/u,post_title,
[FRESH ALBUM] Soft Palms - In Echo,,https://softpalms.bandcamp.com/album/in-echo,post_title,
[FRESH ALBUM] Oddfellows - Oddfellows,,https://oddfellows.bandcamp.com/album/oddfellows,post_title,
[FRESH ALBUM] The Limiñanas - Live at Beaubourg,,https://open.qobuz.com/album/t9pe64ftfx6c9,post_title,
[FRESH ALBUM] Jordan Patterson - Songs From A Valley Girl,,https://jordanpatterson.bandcamp.com/album/songs-from-a-valley-girl,post_title,
[FRESH ALBUM] Tucker Zimmerman - Dream Me A Dream,,https://bigpotatorecords.bandcamp.com/album/dream-me-a-dream,post_title,
[FRESH ALBUM] Trooper Salute - 友達がいました,,https://open.qobuz.com/album/sz00xoiuf7poe,post_title,
